[{"model": "auth.user", "pk": 1, "fields": {"password": "pbkdf2_sha256$870000$iXBXcXxF9oCo1ASz9drdV4$/TVRKOOxUXDXmAXrKA9iRTAbpP+hoOZrn6khMwgj2P0=", "last_login": "2025-04-11T22:10:20.320Z", "is_superuser": false, "username": "ND", "first_name": "", "last_name": "", "email": "nandisad.btech23@rvu.edu.in", "is_staff": false, "is_active": true, "date_joined": "2025-04-11T22:10:08.257Z", "groups": [], "user_permissions": []}}, {"model": "auth.user", "pk": 2, "fields": {"password": "pbkdf2_sha256$870000$Ndl8ScRkaLMZsGzQFFrT9L$tSBFNqzB3yMk5c06RW1z8VTi/dHQDNbNmr7Qf9K1l34=", "last_login": "2025-04-20T04:45:35.756Z", "is_superuser": false, "username": "Nandisa", "first_name": "", "last_name": "", "email": "nandisa.btech23@rvu.edu.in", "is_staff": false, "is_active": true, "date_joined": "2025-04-20T04:45:23.552Z", "groups": [], "user_permissions": []}}, {"model": "auth.user", "pk": 3, "fields": {"password": "pbkdf2_sha256$870000$BrSDLeavn4T8YfgMSd8xZH$6WoYrc6J1UzDDgRRBcrA+Kii7LExmd/qbVdO7Ul14j4=", "last_login": "2025-05-09T12:13:48.902Z", "is_superuser": false, "username": "NandisaD", "first_name": "", "last_name": "", "email": "nd.btech23@rvu.edu.in", "is_staff": false, "is_active": true, "date_joined": "2025-05-09T12:13:30.325Z", "groups": [], "user_permissions": []}}, {"model": "auth.user", "pk": 4, "fields": {"password": "pbkdf2_sha256$1000000$WIP8omyIEURITw8kfPKbfZ$1cDFySXXd1G5sFMpzNdwNqGcBVYOJMm3YmI6o23k0YQ=", "last_login": "2026-06-13T14:48:31.838Z", "is_superuser": true, "username": "aditi", "first_name": "", "last_name": "", "email": "nanospace790@gmail.com", "is_staff": true, "is_active": true, "date_joined": "2026-06-12T21:53:24.910Z", "groups": [], "user_permissions": []}}, {"model": "auth.user", "pk": 5, "fields": {"password": "pbkdf2_sha256$1000000$M4QZljsKg8O7L6va4NGnvt$2JHUhXgSA2rRvlDWvmK+Ls3/BRCeL7d12vEApqJVmog=", "last_login": "2026-06-12T21:54:40.246Z", "is_superuser": false, "username": "aditi_11", "first_name": "", "last_name": "", "email": "aditi.btech23@rvu.edu.in", "is_staff": false, "is_active": true, "date_joined": "2026-06-12T21:54:28.621Z", "groups": [], "user_permissions": []}}, {"model": "auth.user", "pk": 6, "fields": {"password": "pbkdf2_sha256$1000000$GnYBbioNfokigJEi7a8Nrd$K23C5rbHMPKIxULlA/3x6WB0jeWeEc/UtfA9MMXfFxM=", "last_login": "2026-06-12T22:19:49.627Z", "is_superuser": false, "username": "nagashree", "first_name": "", "last_name": "", "email": "nagashree.btech23@rvu.edu.in", "is_staff": false, "is_active": true, "date_joined": "2026-06-12T22:19:37.311Z", "groups": [], "user_permissions": []}}, {"model": "auth.user", "pk": 7, "fields": {"password": "pbkdf2_sha256$1000000$9pdej6LUkxpJvOpnaGAN9f$9mlGUhCTmSbTah8/8EJm1/87LbV2MX63aJTGbNBnQNE=", "last_login": "2026-06-12T23:41:15.718Z", "is_superuser": false, "username": "qwe", "first_name": "", "last_name": "", "email": "qwe.btech23@rvu.edu.in", "is_staff": false, "is_active": true, "date_joined": "2026-06-12T23:41:05.962Z", "groups": [], "user_permissions": []}}, {"model": "auth.user", "pk": 8, "fields": {"password": "!Wg7Vo4gUIGBJ93iqD83rJxzCXgWlEMnQcmcKUO3f", "last_login": "2026-06-13T14:42:24.335Z", "is_superuser": false, "username": "aditi4", "first_name": "Aditi", "last_name": "Gopinath", "email": "aditigopinath.btech23@rvu.edu.in", "is_staff": false, "is_active": true, "date_joined": "2026-06-13T14:16:09.317Z", "groups": [], "user_permissions": []}}, {"model": "auth.user", "pk": 9, "fields": {"password": "pbkdf2_sha256$1000000$O1lsuJAwLec0kz06K9MGyj$/j457AhqmsPr2UP+C5gR3mr1Bpdk2qkvD8ptWy0bcxA=", "last_login": "2026-06-13T14:43:36.722Z", "is_superuser": false, "username": "lavanya", "first_name": "", "last_name": "", "email": "lavanya.btech23@rvu.edu.in", "is_staff": false, "is_active": true, "date_joined": "2026-06-13T14:43:21.949Z", "groups": [], "user_permissions": []}}, {"model": "core.department", "pk": 1, "fields": {"code": "5", "name": "School of Computer Science and Engineering (SOCSE)", "description": null}}, {"model": "core.department", "pk": 2, "fields": {"code": "1", "name": "School of Liberal Arts and Sciences (SOLAS)", "description": null}}, {"model": "core.department", "pk": 3, "fields": {"code": "2", "name": "School of Design and Innovation (SODI)", "description": null}}, {"model": "core.department", "pk": 4, "fields": {"code": "3", "name": "School of Business (SOB)", "description": null}}, {"model": "core.department", "pk": 5, "fields": {"code": "4", "name": "School of Economics and Public Policy (SOEPP)", "description": null}}, {"model": "core.department", "pk": 6, "fields": {"code": "6", "name": "School of Law (SOL)", "description": null}}, {"model": "core.department", "pk": 7, "fields": {"code": "7", "name": "School of Film, Media and Creative Arts (SOFMCA)", "description": null}}, {"model": "core.department", "pk": 8, "fields": {"code": "8", "name": "School of Continuing Education & Professional Studies (SOCEPS)", "description": null}}, {"model": "core.department", "pk": 9, "fields": {"code": "9", "name": "School of Allied and HealthCare Professions (SOAHP)", "description": null}}, {"model": "core.profile", "pk": 1, "fields": {"user": 1, "bio": "", "department": 5, "study_year": "2", "created_at": "2025-04-11T22:10:08.981Z", "updated_at": "2025-04-11T23:12:07.194Z", "last_activity": "2025-04-11T23:12:07.325Z"}}, {"model": "core.profile", "pk": 2, "fields": {"user": 2, "bio": "", "department": null, "study_year": null, "created_at": "2025-04-20T04:45:24.269Z", "updated_at": "2025-04-20T04:45:35.763Z", "last_activity": "2025-04-20T04:49:34.454Z"}}, {"model": "core.profile", "pk": 3, "fields": {"user": 3, "bio": "", "department": 6, "study_year": "3", "created_at": "2025-05-09T12:13:31.042Z", "updated_at": "2025-05-09T12:22:50.907Z", "last_activity": "2025-05-09T12:23:01.817Z"}}, {"model": "core.profile", "pk": 4, "fields": {"user": 4, "bio": "", "department": null, "study_year": null, "created_at": "2026-06-12T21:53:25.754Z", "updated_at": "2026-06-13T14:48:31.855Z", "last_activity": "2026-06-13T14:48:50.888Z"}}, {"model": "core.profile", "pk": 5, "fields": {"user": 5, "bio": "", "department": null, "study_year": null, "created_at": "2026-06-12T21:54:29.586Z", "updated_at": "2026-06-12T21:54:40.255Z", "last_activity": "2026-06-12T22:59:26.357Z"}}, {"model": "core.profile", "pk": 6, "fields": {"user": 6, "bio": "", "department": null, "study_year": null, "created_at": "2026-06-12T22:19:38.376Z", "updated_at": "2026-06-12T22:19:49.636Z", "last_activity": "2026-06-12T22:37:14.049Z"}}, {"model": "core.profile", "pk": 7, "fields": {"user": 7, "bio": "", "department": null, "study_year": null, "created_at": "2026-06-12T23:41:06.997Z", "updated_at": "2026-06-12T23:41:15.728Z", "last_activity": "2026-06-12T23:59:32.931Z"}}, {"model": "core.profile", "pk": 8, "fields": {"user": 8, "bio": "", "department": null, "study_year": null, "created_at": "2026-06-13T14:16:09.347Z", "updated_at": "2026-06-13T14:42:24.344Z", "last_activity": "2026-06-13T14:54:40.481Z"}}, {"model": "core.profile", "pk": 9, "fields": {"user": 9, "bio": "", "department": null, "study_year": null, "created_at": "2026-06-13T14:43:23.272Z", "updated_at": "2026-06-13T14:43:36.733Z", "last_activity": "2026-06-13T14:54:50.389Z"}}, {"model": "core.post", "pk": 1, "fields": {"user": 1, "content": "HEYY", "department": null, "created_at": "2025-04-11T22:11:19.867Z", "updated_at": "2025-04-11T22:11:19.867Z", "hashtags": "general", "image": "post_images/Screenshot_117.png"}}, {"model": "core.post", "pk": 2, "fields": {"user": 2, "content": "CIE 3 schedule", "department": 4, "created_at": "2025-04-20T04:46:51.406Z", "updated_at": "2025-04-20T04:46:51.406Z", "hashtags": "general", "image": "post_images/Screenshot_2025-04-10_213427.png"}}, {"model": "core.post", "pk": 3, "fields": {"user": 6, "content": "Hello everyone", "department": null, "created_at": "2026-06-12T22:20:05.805Z", "updated_at": "2026-06-12T22:20:05.805Z", "hashtags": "", "image": ""}}, {"model": "core.like", "pk": 1, "fields": {"user": 1, "post": 1, "created_at": "2025-04-11T22:11:23.869Z"}}, {"model": "core.like", "pk": 2, "fields": {"user": 2, "post": 2, "created_at": "2025-04-20T04:46:54.398Z"}}, {"model": "core.follow", "pk": 4, "fields": {"follower": 6, "following": 5, "created_at": "2026-06-12T22:24:37.919Z"}}, {"model": "core.follow", "pk": 5, "fields": {"follower": 5, "following": 6, "created_at": "2026-06-12T22:24:42.450Z"}}, {"model": "core.follow", "pk": 6, "fields": {"follower": 8, "following": 9, "created_at": "2026-06-13T14:48:12.576Z"}}, {"model": "core.follow", "pk": 7, "fields": {"follower": 9, "following": 8, "created_at": "2026-06-13T14:48:21.845Z"}}, {"model": "core.message", "pk": 1, "fields": {"sender": 6, "receiver": 5, "content": "Hello", "created_at": "2026-06-12T22:20:57.112Z", "is_read": true}}, {"model": "core.message", "pk": 2, "fields": {"sender": 5, "receiver": 6, "content": "hi", "created_at": "2026-06-12T22:30:27.075Z", "is_read": true}}, {"model": "core.message", "pk": 3, "fields": {"sender": 5, "receiver": 6, "content": "how are you ?", "created_at": "2026-06-12T22:36:16.436Z", "is_read": true}}, {"model": "core.message", "pk": 4, "fields": {"sender": 5, "receiver": 6, "content": "I am doing good", "created_at": "2026-06-12T22:36:34.452Z", "is_read": true}}, {"model": "core.message", "pk": 5, "fields": {"sender": 9, "receiver": 8, "content": "Hello", "created_at": "2026-06-13T14:48:32.729Z", "is_read": true}}, {"model": "core.message", "pk": 6, "fields": {"sender": 8, "receiver": 9, "content": "How are you?", "created_at": "2026-06-13T14:49:09.226Z", "is_read": true}}, {"model": "core.event", "pk": 1, "fields": {"title": "Tarang", "description": "Technical & cultural fest", "organizer": 2, "department": 1, "location": "RV University", "start_date": "2025-05-17T04:48:00Z", "end_date": "2025-05-18T04:48:00Z", "image": "", "hashtags": "technical", "status": "upcoming", "created_at": "2025-04-20T04:48:58.751Z", "updated_at": "2025-04-20T04:48:58.751Z"}}, {"model": "core.eventcomment", "pk": 1, "fields": {"user": 5, "event": 1, "content": "It was cool", "created_at": "2026-06-12T22:29:19.572Z", "updated_at": "2026-06-12T22:29:19.572Z"}}, {"model": "core.eventlike", "pk": 1, "fields": {"user": 2, "event": 1, "created_at": "2025-04-20T04:49:01.237Z"}}, {"model": "core.eventlike", "pk": 3, "fields": {"user": 5, "event": 1, "created_at": "2026-06-12T22:29:27.467Z"}}, {"model": "core.eventregistration", "pk": 1, "fields": {"user": 2, "event": 1, "status": "registered", "registration_date": "2025-04-20T04:49:15.028Z"}}, {"model": "core.notification", "pk": 1, "fields": {"user": 2, "notification_type": "event_registration", "from_user": 2, "post": null, "comment": null, "message": null, "event": 1, "text": "Nandisa registered for your event 'Tarang'.", "created_at": "2025-04-20T04:49:15.041Z", "is_read": true}}, {"model": "core.notification", "pk": 2, "fields": {"user": 2, "notification_type": "like", "from_user": 5, "post": 2, "comment": null, "message": null, "event": null, "text": "aditi_11 liked your post.", "created_at": "2026-06-12T22:07:27.560Z", "is_read": false}}, {"model": "core.notification", "pk": 3, "fields": {"user": 6, "notification_type": "follow", "from_user": 5, "post": null, "comment": null, "message": null, "event": null, "text": "aditi_11 started following you.", "created_at": "2026-06-12T22:20:15.079Z", "is_read": true}}, {"model": "core.notification", "pk": 4, "fields": {"user": 5, "notification_type": "follow", "from_user": 6, "post": null, "comment": null, "message": null, "event": null, "text": "nagashree started following you.", "created_at": "2026-06-12T22:20:34.876Z", "is_read": true}}, {"model": "core.notification", "pk": 5, "fields": {"user": 5, "notification_type": "message", "from_user": 6, "post": null, "comment": null, "message": null, "event": null, "text": "New message from nagashree", "created_at": "2026-06-12T22:20:57.126Z", "is_read": true}}, {"model": "core.notification", "pk": 6, "fields": {"user": 2, "notification_type": "like", "from_user": 5, "post": null, "comment": null, "message": null, "event": 1, "text": "aditi_11 liked your event 'Tarang'.", "created_at": "2026-06-12T22:29:09.744Z", "is_read": false}}, {"model": "core.notification", "pk": 7, "fields": {"user": 2, "notification_type": "comment", "from_user": 5, "post": null, "comment": null, "message": null, "event": 1, "text": "aditi_11 commented on your event 'Tarang'.", "created_at": "2026-06-12T22:29:19.591Z", "is_read": false}}, {"model": "core.notification", "pk": 8, "fields": {"user": 2, "notification_type": "like", "from_user": 5, "post": null, "comment": null, "message": null, "event": 1, "text": "aditi_11 liked your event 'Tarang'.", "created_at": "2026-06-12T22:29:27.487Z", "is_read": false}}, {"model": "core.notification", "pk": 9, "fields": {"user": 6, "notification_type": "message", "from_user": 5, "post": null, "comment": null, "message": null, "event": null, "text": "New message from aditi_11", "created_at": "2026-06-12T22:30:27.090Z", "is_read": true}}, {"model": "core.notification", "pk": 10, "fields": {"user": 9, "notification_type": "follow", "from_user": 8, "post": null, "comment": null, "message": null, "event": null, "text": "aditi4 started following you.", "created_at": "2026-06-13T14:48:12.587Z", "is_read": true}}, {"model": "core.notification", "pk": 11, "fields": {"user": 8, "notification_type": "follow", "from_user": 9, "post": null, "comment": null, "message": null, "event": null, "text": "lavanya started following you.", "created_at": "2026-06-13T14:48:21.860Z", "is_read": false}}, {"model": "core.notification", "pk": 12, "fields": {"user": 8, "notification_type": "message", "from_user": 9, "post": null, "comment": null, "message": null, "event": null, "text": "New message from lavanya", "created_at": "2026-06-13T14:48:32.744Z", "is_read": false}}, {"model": "core.notification", "pk": 13, "fields": {"user": 9, "notification_type": "message", "from_user": 8, "post": null, "comment": null, "message": null, "event": null, "text": "New message from aditi4", "created_at": "2026-06-13T14:49:09.247Z", "is_read": true}}]